degree,train,type,valid
1,0.6359133699018437,linear,0.7875428485236934
2,0.5799667241800227,linear,0.8220286971854047
