degree,train,type,valid
1,0.5912980742607475,linear,0.9879637858612538
2,0.448634908758036,linear,2.183726431499667
