degree,train,type,valid
1,1.157069129901559,linear,2.862539009080965
2,0.8986927984727061,linear,5.8840027190369915
