degree,train,type,valid
1,1.2422085949764552,linear,2.1580151098901084
2,1.081766679281325,linear,2.96674789545642
