degree,train,type,valid
1,0.012577153753375852,linear,0.029174417105884656
2,0.0059587254698849875,linear,0.021565999424202904
