degree,train,type,valid
1,1.1672596616194235,linear,2.4002745118272646
2,0.8543102099772216,linear,0.34660082715789087
