degree,train,type,valid
1,0.014860537124060108,linear,0.02684825657894718
2,0.009527343663435526,linear,0.024813135289144604
