degree,train,type,valid
1,1.0153268327565623,linear,2.379299585216322
2,0.6084412904557737,linear,9.879826420723191
